date;tavg;tmin;tmax;wdir;wspd;pres
2021-01-02;7,1;2,1;14,5;72;4,9;1024,6
2021-01-03;6,4;1;13,1;94;6,9;1025,1
2021-01-04;5,9;0,4;12,9;113;6,4;1022,1
2021-01-05;4,8;1,5;8;135;8,1;1019,6
2021-01-06;4,7;2,3;7,4;144;5,6;1024,6
2021-01-07;5,6;4;8,7;152;5,7;1023
2021-01-08;7,2;3,9;13;160;7,7;1019,5
2021-01-09;9,4;3,9;14,8;196;9,4;1018,4
2021-01-10;11,6;9,6;14,2;213;10,4;1019,3
2021-01-11;11,2;7,7;15;217;14,4;1018,4
2021-01-12;13,6;8,3;18,4;205;13,7;1014,8
2021-01-13;5,4;1,2;12,2;209;16;1006
2021-01-14;2,6;-4,7;5,3;209;8,2;1007,3
2021-01-15;-1,1;-4,5;0,9;232;8,9;1012,8
2021-01-16;-1,3;-6,2;3,9;92;8,3;1011,1
2021-01-17;-0,7;-4,9;3;257;12,5;1006,1
2021-01-18;-5,7;-8,6;-2,8;261;9,5;1019,2
2021-01-19;-8,4;-13,2;-2,9;63;3,3;1024,4
2021-01-20;-5,9;-11,8;-1,5;203;5,5;1028,9
2021-01-21;-1,5;-4,6;1,9;177;5,2;1033,2
2021-01-22;-0,8;-6;5,1;133;5;1030,5
2021-01-23;1,1;-3,4;7,3;118;6;1024,8
2021-01-24;3,1;-1,5;7,9;147;8,7;1019,2
2021-01-25;5,2;1;8;167;18,6;1016,6
2021-01-26;8,6;5,5;11,4;175;19,4;1015,2
2021-01-27;7,2;2,9;11,7;165;24,3;1004,5
2021-01-28;0,3;-2,8;1,7;236;12,1;1009,6
2021-01-29;-0,6;-2,2;1,5;223;7,8;1016
2021-01-30;1,8;-0,9;5;169;11,9;1009,9
2021-01-31;3,8;1,8;6,7;221;8,4;1012,8
2021-02-01;7,5;1,3;13;167;13,6;1016,9
2021-02-02;8,6;5,1;15,3;145;10,5;1019,2
2021-02-03;9;3,8;15,9;97;5,5;1018,2
2021-02-04;8,6;2,6;15,1;197;7;1017,5
2021-02-05;8,2;2,6;13,3;236;8;1020,7
2021-02-06;8,1;1,3;15,1;210;8;1019,4
2021-02-07;8,9;2,1;16,2;219;8,7;1017,6
2021-02-08;11,3;5,3;16,4;181;11,4;1015,7
2021-02-09;11,9;8;16,7;210;16,5;1016
2021-02-10;7,9;5,3;11,8;205;12,1;1016,2
2021-02-11;8,8;3,7;16,6;175;9,8;1015,2
2021-02-12;5,5;-1,3;10,6;223;18,2;1013,6
2021-02-13;3,3;-4,6;5,5;255;7,4;1024
2021-02-14;5,1;0,5;10;114;7,8;1016,9
2021-02-15;-1,1;-4,2;5,3;351;9,5;1016,8
2021-02-16;-4,2;-7,6;-1,5;26;14,6;1017,8
2021-02-17;-5,3;-8,8;-1;34;8,8;1019,2
2021-02-18;-4,6;-10,9;-0,6;188;5,8;1022,8
2021-02-19;-0,5;-3,1;0,5;295;11;1027,2
2021-02-20;-5,8;-9,5;0,2;115;5,9;1031,8
2021-02-21;-2,3;-6,9;5,3;91;4,9;1032
2021-02-22;1,1;-6,3;8,2;163;3,8;1031,8
2021-02-23;4,3;-2,7;12,2;166;4,5;1030,7
2021-02-24;6,6;-0,8;14,6;34;5;1027,9
2021-02-25;4,5;-2;8,1;39;8,6;1031,1
2021-02-26;5,4;-1,1;12,1;43;4,3;1028,4
2021-02-27;6,4;-0,9;13,7;175;5,1;1021
2021-02-28;4,2;0,7;11,6;283;9,8;1021,1
2021-03-01;2,3;-3,9;7,5;16;5,1;1026
2021-03-02;3,7;0,6;8,1;56;10,1;1026,1
2021-03-03;4,7;-1,5;12,7;23;8,9;1025,3
2021-03-04;4,3;-1,4;9,6;347;6,5;1024,5
2021-03-05;6,9;-2,1;16,1;207;7,5;1020,6
2021-03-06;7,7;0,7;13,1;241;10,9;1020,1
2021-03-07;3,8;1,2;5,8;304;5,6;1021,8
2021-03-08;2,9;-0,2;7,8;240;7,7;1019
2021-03-09;4,3;-2,6;10,3;231;4,8;1018
2021-03-10;7,8;-0,8;13,7;118;7,8;1013,9
2021-03-11;5,4;0,5;9,7;252;9,6;1008,3
2021-03-12;3,1;-1,8;7,2;310;8,7;1020,9
2021-03-13;7,2;-1,9;13,8;169;5,7;1018,7
2021-03-14;9,3;3,1;14,3;169;5,7;1014,1
2021-03-15;10,4;4,6;15,4;174;10,1;1007,7
2021-03-16;5,8;3,1;9,8;211;20,3;1002,9
2021-03-17;3,7;0,9;7,8;217;13,2;1004,6
2021-03-18;3;-1,9;7,4;241;14,9;1010,9
2021-03-19;3,5;1,5;7,5;227;8,8;1016
2021-03-20;5,4;3,2;9,4;224;5,3;1017,7
2021-03-21;8,2;3,3;12,1;324;8,7;1011,7
2021-03-22;10,1;5,7;14,3;162;10,4;1002,7
2021-03-23;6,8;1,7;10,8;26;10,3;1000,8
2021-03-24;0,8;-1,8;4,3;2;11,4;1005,4
2021-03-25;-0,1;-1,7;1,7;353;6,1;1014,6
2021-03-26;-0,3;-2,9;2;267;9,9;1021,7
2021-03-27;3,3;-0,7;8;303;12;1027,4
2021-03-28;5,9;-1,3;11,6;219;6,2;1029,9
2021-03-29;6,8;0,8;14;265;7,7;1027,2
2021-03-30;4,7;0,1;9,8;349;6,8;1023,3
2021-03-31;6,2;2,8;10,5;62;14,3;1018,2
2021-04-01;6,6;3,9;10,5;351;7,6;1013,8
2021-04-02;6,6;1,5;9,8;254;8,3;1015,2
2021-04-03;9,8;2,2;15,2;230;11;1015,4
2021-04-04;12;6,3;15,9;207;13,8;1015,4
2021-04-05;12,1;8,5;15,8;222;19,3;1012,4
2021-04-06;14,1;9,2;18,3;186;14,8;1011,6
2021-04-07;16,4;10,3;22,4;212;16,5;1007,9
2021-04-08;12,2;5,8;17,8;242;13,1;1009,8
2021-04-09;2,8;-0,2;5,4;352;15,6;1019,5
2021-04-10;3,2;0;7,4;15;20;1022,3
2021-04-11;3,3;1,7;5,7;311;11,2;1021,7
2021-04-12;4,9;0,8;8,7;264;6,9;1022,7
2021-04-13;8,7;4,1;13,6;201;6,6;1021,4
2021-04-14;12,4;5,8;18,6;186;10,6;1016,6
2021-04-15;14;9;19,2;222;10,6;1015,4
2021-04-16;13,5;9;17,6;212;8,2;1015,1
2021-04-17;17,1;11;21,7;161;7,7;1016
2021-04-18;15,8;13;19,2;204;14;1016,6
2021-04-19;15,6;10,8;19,4;229;9,9;1013,9
2021-04-20;13,4;9,4;17,6;255;12,1;1010,2
2021-04-21;12,5;7,8;17;289;6,5;1016,6
2021-04-22;12,4;6,5;17,8;298;9;1021,1
2021-04-23;15,2;5,4;22,8;169;9,1;1020,3
2021-04-24;16,2;10,7;21,4;26;6,3;1017,5
2021-04-25;12,9;9,7;17,5;68;7,5;1012,2
2021-04-26;10,9;5,5;15,6;1;10,5;1011,8
2021-04-27;13,9;7,8;20,6;109;7,7;1016,2
2021-04-28;19,3;8,9;25,2;187;9;1014,2
2021-04-29;22,3;14,8;28,4;246;14,2;1014,7
2021-04-30;20;13,5;25,5;292;8,4;1016,5
2021-05-01;19,8;11;27,4;199;6,3;1017,9
2021-05-02;21,7;13,2;28,6;129;7,2;1015,3
2021-05-03;23;14,6;29,4;309;10,2;1012,2
2021-05-04;17,5;11,8;21,6;343;7,6;1014,5
2021-05-05;17,3;9,9;24,4;62;7,9;1012,9
2021-05-06;15,5;11,3;19,5;300;6,8;1012,7
2021-05-07;18;8,4;24,6;58;5,1;1016,4
2021-05-08;19,3;12,6;27,1;237;8,3;1013,5
2021-05-09;13,1;6,2;17,4;346;13,6;1019,1
2021-05-10;12,4;4,1;19,2;64;9,8;1021,8
2021-05-11;15,7;6,2;22,8;359;6,9;1015
2021-05-12;18,8;9,4;26,6;79;9,6;1009,3
2021-05-13;21,2;10,8;29,6;198;9,3;1008
2021-05-14;22,6;12,3;30;228;11,6;1010,5
2021-05-15;22,4;13;29,7;187;6,2;1010,9
2021-05-16;17,4;13,3;24,2;250;10,6;1006,4
2021-05-17;16,4;10,6;21,2;256;11;1009,3
2021-05-18;20,5;11,8;27,1;221;13,9;1008,8
2021-05-19;17,8;11,5;24,1;261;11,2;1014,2
2021-05-20;23,9;11,9;31,8;192;14;1007,4
2021-05-21;20,8;13,7;29,6;244;12,7;1006,5
2021-05-22;13,1;10,3;16,3;309;12;1014,2
2021-05-23;16,5;8,6;24;325;11,7;1017,1
2021-05-24;20,7;11;27,8;16;7,8;1018,9
2021-05-25;22,6;14,5;29,6;356;6,4;1017,7
2021-05-26;22,2;12,6;30,6;26;8,5;1013,3
2021-05-27;22,8;15,7;32,1;102;8,5;1010,6
2021-05-28;22,7;16,1;30;241;6,8;1007,6
2021-05-29;16,2;12,8;20,1;285;11,4;1010,6
2021-05-30;19,8;11,7;26,3;210;6,1;1013,7
2021-05-31;18,5;14,9;22,5;228;9,9;1009,8
2021-06-01;14,8;11,4;20,6;241;9,4;1008,2
2021-06-02;12,8;9,8;17,6;262;12,9;1014,5
2021-06-03;13,2;8,2;17,8;268;11,8;1019,1
2021-06-04;13,8;7;17,8;301;9;1020,1
2021-06-05;13,9;7,4;20;5;8,3;1019,6
2021-06-06;16,5;7,4;23,5;317;5,8;1017,3
2021-06-07;19,7;10,2;26;331;6,4;1016,1
2021-06-08;16,6;13,8;21,7;254;5,6;1014,3
2021-06-09;17,9;13,7;24,9;242;4,3;1011,6
2021-06-10;18,7;11,9;26,2;50;6,6;1010,1
2021-06-11;16,9;14,1;25,4;24;5,2;1011,7
2021-06-12;16,4;12,8;22,4;21;5,1;1013,5
2021-06-13;19,7;10,6;26,6;303;5,9;1012,7
2021-06-14;16,4;13,6;25,4;188;5,5;1009,1
2021-06-15;16,3;11,8;20,9;233;9,8;1010,2
2021-06-16;17,8;13,9;21,7;250;8,2;1009,9
2021-06-17;17,8;13,4;22,1;259;12,3;1015,7
2021-06-18;20,4;13,7;26,4;256;7,9;1015,3
2021-06-19;22,6;15,9;28,6;47;4,9;1011,5
2021-06-20;23,8;16,4;30,8;167;4,1;1009,8
2021-06-21;20,8;15,9;27,1;309;7,1;1010,1
2021-06-22;18,3;14,2;26,1;270;5,3;1012,8
2021-06-23;21,2;13,1;28,7;11;5,9;1014,5
2021-06-24;22,5;16,3;29,1;21;8,2;1014,8
2021-06-25;21,2;15,8;28,1;358;7,3;1014,1
2021-06-26;22,1;16,3;29,6;347;7,5;1011,6
2021-06-27;24;16,9;30,3;11;8,3;1012,9
2021-06-28;24,3;17,6;31;29;10;1014,9
2021-06-29;24,9;17,5;31,4;36;10,3;1015,2
2021-06-30;26;17,7;32,2;56;9,4;1014,5
2021-07-01;27,3;19,3;34,2;1;7,1;1011,9
2021-07-02;28,7;19;36,6;118;8,6;1007,4
2021-07-03;23,6;17,8;31,2;317;9,3;1004,8
2021-07-04;19,1;16,3;22,6;293;13,4;1008,4
2021-07-05;20,8;13,4;26,7;284;9;1009,4
2021-07-06;21,3;16;26,9;255;8,2;1008,1
2021-07-07;23;16,4;28,9;292;7,5;1011,4
2021-07-08;23,6;16;30,3;325;6,6;1014
2021-07-09;23,9;17;31;26;11;1013,7
2021-07-10;23,8;16,4;30,7;26;11,6;1010,9
2021-07-11;24,4;16;31,4;0;6,6;1009,9
2021-07-12;26,3;18,7;32,2;354;7,6;1010,7
2021-07-13;26;18,4;33,2;2;9,5;1011,4
2021-07-14;25,6;18,3;32;13;10,6;1011,2
2021-07-15;23,9;17,7;33,4;27;12,7;1010,7
2021-07-16;26,9;17,3;33,2;59;9,9;1009,2
2021-07-17;29,2;20,9;35,9;51;7,4;1006,1
2021-07-18;31,2;22,6;38,6;111;7,8;1004,2
2021-07-19;32,1;24,8;39,3;154;8,7;1005,3
2021-07-20;30,3;21,6;37,9;258;7,5;1006,5
2021-07-21;27,8;21,8;34,8;297;9,6;1008,4
2021-07-22;23,8;18,6;29,4;335;12,4;1010,1
2021-07-23;22,9;16,2;29,2;7;9,7;1010,9
2021-07-24;23,1;16,1;29,1;47;11,4;1010,6
2021-07-25;24,1;17,2;29,7;53;13,1;1012,2
2021-07-26;24,4;17,8;31,3;3;11,4;1014,6
2021-07-27;25,3;19;31,1;7;12,8;1016,5
2021-07-28;25,7;19,5;31,7;35;14,9;1015,9
2021-07-29;25,2;16,2;32,6;46;12;1013,4
2021-07-30;26,6;16,8;34,3;43;11,8;1011
2021-07-31;27,4;19;34,6;31;11,8;1010,4
2021-08-01;27,4;19,4;35;19;10,4;1011,2
2021-08-02;26,9;19,1;33,1;33;8,8;1011,4
2021-08-03;28,7;19,9;36,8;24;10;1012,5
2021-08-04;29,2;20,8;35,9;12;9;1013,8
2021-08-05;29,3;22;35,8;12;7,5;1011,9
2021-08-06;30,1;21,7;36,3;358;7,4;1005,3
2021-08-07;24,9;19,3;28,1;328;8,3;1004,8
2021-08-08;22,7;16,6;29,4;6;10;1012,4
2021-08-09;23,6;17,2;30,4;343;9,1;1015,2
2021-08-10;24,2;15,7;31,1;335;11,1;1014,4
2021-08-11;21,8;15,8;28,6;312;12,1;1012,7
2021-08-12;22,1;15,1;30,5;336;9,9;1014,8
2021-08-13;22,6;16,1;29;14;10,9;1017,4
2021-08-14;22,4;15,3;28,6;30;12,7;1017,5
2021-08-15;22,2;15,3;28,6;28;10;1015,4
2021-08-16;23,8;15,8;30,2;40;7,3;1014,6
2021-08-17;25,6;17,7;31,9;3;6,4;1011,9
2021-08-18;26,6;19,6;33,3;10;9,3;1007,8
2021-08-19;23,1;15,4;30,9;349;8,9;1008,8
2021-08-20;23,4;17;30,2;345;7,6;1012,6
2021-08-21;24,5;16,8;31;42;7,7;1013,8
2021-08-22;25,2;18,4;31,7;42;10,7;1012,8
2021-08-23;24,1;17,6;30;52;11,1;1013,8
2021-08-24;24,3;16,9;30,5;52;6,9;1012,8
2021-08-25;26,2;18,7;33,1;318;8,1;1011,1
2021-08-26;26,4;18,1;33,2;279;8,6;1010,6
2021-08-27;27,4;17,9;35,4;50;7,2;1011
2021-08-28;30,2;20,2;37,3;81;9,4;1008,9
2021-08-29;29,7;23,6;36,6;102;9,6;1004,3
2021-08-30;28,2;21,2;35,5;279;7,1;1007,1
2021-08-31;26,3;22,2;32,8;26;7,6;1011,6
2021-09-01;23,1;18,2;30,6;28;9,6;1011,4
2021-09-02;20,2;15;24,9;339;11,5;1013,6
2021-09-03;18,1;12,1;24,5;8;7,7;1016,9
2021-09-04;19,5;12,1;25,9;25;6,8;1014,5
2021-09-05;21,1;14;28,4;71;11,3;1013,1
2021-09-06;18,9;12,4;26;63;16,8;1016,8
2021-09-07;17,6;10,4;23,6;62;15,5;1020,4
2021-09-08;19,8;10;28,1;56;10;1018,9
2021-09-09;22,2;14,4;30,8;67;9,4;1015
2021-09-10;21,9;14,3;28,2;11;8,1;1012,3
2021-09-11;19,3;14;26;292;8,3;1013,7
2021-09-12;20,2;13,6;27,9;319;4,5;1012,2
2021-09-13;21,3;14,3;28,2;51;6,9;1010,4
2021-09-14;20;15;29,6;41;7,9;1011,9
2021-09-15;16,3;14,5;19;34;10,9;1013,3
2021-09-16;16,7;12,8;20,2;13;9,6;1015,2
2021-09-17;16,5;8,4;23,4;2;5,4;1016,8
2021-09-18;19,5;9,1;26,7;203;7,4;1014,7
2021-09-19;20,8;15,1;26,8;233;10,3;1014,4
2021-09-20;21,8;15,1;28,8;230;9,1;1015,2
2021-09-21;20,8;14,7;27,9;272;9,4;1015,3
2021-09-22;16,9;12,6;22,2;309;7,6;1014,1
2021-09-23;12,9;8,1;18,1;325;10,1;1011,3
2021-09-24;12,5;5,5;19;270;7,5;1017,2
2021-09-25;14,2;8,2;20,7;271;8,7;1019,3
2021-09-26;16,3;7,3;25,2;48;4,3;1021,6
2021-09-27;18,8;8,8;27,2;17;5,4;1015,6
2021-09-28;18,6;11,9;26;35;5,9;1015
2021-09-29;17,5;11,1;23,4;25;9,8;1016,4
2021-09-30;14,9;9,2;22,4;33;11,6;1018,3
2021-10-01;13,8;5,6;22,3;45;7,8;1019,8
2021-10-02;15,2;7,5;22,9;43;7,5;1018
2021-10-03;14,4;7,7;22,7;11;7,9;1019,1
2021-10-04;14,6;7,3;22,5;19;5,8;1020,3
2021-10-05;12,4;6,8;18,9;6;9,1;1019,8
2021-10-06;12,9;4,2;21,4;55;6;1020,7
2021-10-07;14,7;7,2;22,3;95;7,1;1019,3
2021-10-08;15,9;7,4;25,6;99;5,6;1018,4
2021-10-09;17,3;7,8;28,2;93;7,1;1017
2021-10-10;18,9;9,1;29,6;103;6,3;1017,8
2021-10-11;17,3;9,5;25,6;195;6,9;1016,7
2021-10-12;18,2;9,8;27,2;137;8,2;1010,1
2021-10-13;13,8;10,1;19,6;236;12,5;1011,7
2021-10-14;15,4;8,2;26,3;98;7,7;1017,5
2021-10-15;16,8;9,2;26,8;117;7;1017,3
2021-10-16;15,5;10,4;24,3;73;8,9;1013,7
2021-10-17;13,6;9,7;20,2;257;8,8;1015,5
2021-10-18;14,5;9,3;20,1;291;6,3;1019,6
2021-10-19;12,2;5,1;18,4;28;8;1023,7
2021-10-20;11,2;4,1;16,6;57;7,3;1026,8
2021-10-21;10,4;3,8;17,9;116;5,6;1024,9
2021-10-22;11,9;3,5;23,9;110;5,4;1022,2
2021-10-23;13;5,2;21,5;138;5,9;1021,2
2021-10-24;12,1;5,2;19,3;255;8,9;1020,8
2021-10-25;8,7;4,5;13,4;48;12,4;1026,6
2021-10-26;6,8;1,9;12,7;61;10;1025,8
2021-10-27;9,2;2,3;16,6;35;4,6;1022
2021-10-28;11,3;4,4;19;43;4,8;1021
2021-10-29;10,3;6,2;15,5;61;11,5;1022
2021-10-30;9,4;3,9;15,8;75;8,1;1022,7
2021-10-31;9,4;6,1;12,4;99;7,2;1020,2
2021-11-01;13,2;8,7;19,2;122;8,9;1015,8
2021-11-02;14,2;10,3;18,6;160;7,2;1013,5
2021-11-03;13,6;10,2;18,3;221;8,6;1018,2
2021-11-04;12,8;7,8;20,9;111;5,3;1024,3
2021-11-05;11,9;6,3;20;68;3,9;1023,7
2021-11-06;12,1;4;20,4;73;4,3;1023,5
2021-11-07;13,5;6,3;23,2;71;4,2;1022,6
2021-11-08;14,3;7,9;22,1;107;5,1;1020,1
2021-11-09;13,7;6,8;21,1;212;6,5;1020,9
2021-11-10;7,7;1,7;10,7;359;13,6;1028,4
2021-11-11;3,5;-0,3;8,6;59;7,9;1030,5
2021-11-12;5;-1,3;11;75;4,4;1025,5
2021-11-13;5,4;-0,7;14,2;91;3,7;1024,3
2021-11-14;6,4;0;15,2;55;4,1;1023
2021-11-15;8,1;1,4;16;42;5,2;1021,5
2021-11-16;7;0,8;12,3;68;9,2;1023,9
2021-11-17;6,2;0;13,8;89;4,9;1021,7
2021-11-18;7,6;1,3;15,2;135;4,1;1021,5
2021-11-19;5,7;3;8,5;248;4,4;1019,9
2021-11-20;6,2;0,9;9,6;7;6,2;1017,3
2021-11-21;5,4;0,2;11,8;88;5,8;1019,5
2021-11-22;6,4;0;14,4;143;5,8;1020,9
2021-11-23;9,1;2,5;14,8;194;6,2;1020
2021-11-24;7,9;4,5;9,4;29;9,1;1019,5
2021-11-25;6,4;4,4;8,6;74;8,8;1021,5
2021-11-26;8,7;6,3;11,6;138;8;1019,4
2021-11-27;11,9;8,1;14,5;190;12,4;1015,5
2021-11-28;12,6;8,5;17,1;190;12,2;1013,1
2021-11-29;13,8;7,1;19;180;20,3;1011,7
2021-11-30;9,4;4,9;17,1;235;23,8;1006,1
2021-12-01;3,3;2,1;5,5;254;13,3;1014,7
2021-12-02;3,9;-2,3;8,1;191;7,7;1020,2
2021-12-03;5,8;0;11,4;168;8,2;1019,7
2021-12-04;8,1;3,4;11,7;148;8,5;1016,3
2021-12-05;7,7;3,9;10,6;156;5,2;1013,3
2021-12-06;9,6;3,8;15;152;9,4;1016,6
2021-12-07;11,8;9,2;15;141;18,2;1010,3
2021-12-08;7,3;6,1;9,4;188;13,2;1007,4
2021-12-09;6,2;2,5;9,2;221;9,8;1019,4
2021-12-10;6,3;1,2;13,1;123;8;1021,2
2021-12-11;7,9;4,3;12,6;146;10,6;1019,9
2021-12-12;8,9;3,8;17;127;10,5;1019,7
2021-12-13;8,7;3;15,5;123;8,3;1016,6
2021-12-14;6,4;4,7;8;40;5,2;1013,3
2021-12-15;4,8;3,6;6,7;286;7,1;1014
2021-12-16;2,9;1,7;4,3;278;4,8;1019,2
2021-12-17;1,3;0,4;2,9;267;9,6;1017,8
2021-12-18;1,9;0,5;3,7;31;5,4;1015,6
2021-12-19;1,4;-0,1;2,3;48;13,4;1012,3
2021-12-20;0,7;-1,7;1,7;237;11,4;1011
2021-12-21;-0,6;-4,9;1,3;247;13,1;1018,7
2021-12-22;-2;-3,7;0,1;245;8,2;1027,3
2021-12-23;-2,2;-6,3;0;273;5,6;1027
2021-12-24;-3,7;-5,8;-1,7;204;7;1025,6
2021-12-25;-0,4;-4,7;4,2;207;6,4;1024,1
2021-12-26;3,6;0,2;6,7;201;8,3;1023,3
2021-12-27;4,4;0,4;10,5;170;6,3;1023,1
2021-12-28;4,7;-1;10,4;137;6;1018,9
2021-12-29;3,2;-0,1;7,1;124;7,5;1016,1
2021-12-30;5,9;3,4;12;89;8;1015,3
2021-12-31;5,7;0,1;12,4;170;5,9;1019,7
2022-01-01;4,4;1,9;6,8;225;5,8;1019,7
2022-01-02;4,7;-2,4;8,7;277;11,3;1021,4
2022-01-03;2,7;-0,7;6,6;225;7,4;1022,7
2022-01-04;3,9;0,6;8,8;222;8,6;1018,3
2022-01-05;4,7;-0,1;11,5;179;7,1;1018,3
2022-01-06;7,1;0,5;13,3;181;9;1018,6
2022-01-07;9;6,6;13,2;155;5,2;1018,8
2022-01-08;9,2;6,7;13,5;100;8,5;1017,4
2022-01-09;8,4;5,2;12,6;143;9,5;1010,2
2022-01-10;6,4;3,3;8,8;133;12,3;1006,1
2022-01-11;7,1;3,9;10,1;130;10,9;1011,1
2022-01-12;4,4;-0,2;6,6;77;8,2;1014
2022-01-13;-0,9;-6,4;1,7;10;10,9;1024,4
2022-01-14;-2,7;-6;0,3;275;5,4;1024,5
2022-01-15;-1,6;-3,9;1,3;257;10,2;1017,6
2022-01-16;-1,1;-4,3;1,8;283;8,6;1024,1
2022-01-17;-0,6;-3,4;1,7;215;8,2;1024,7
2022-01-18;-0,8;-6,9;0,9;261;12,4;1019,1
2022-01-19;-3,5;-6,1;-0,1;283;11,2;1025,8
2022-01-20;-3,3;-6;0,2;235;11,1;1028,7
2022-01-21;-0,6;-5;4;203;9,3;1022,3
2022-01-22;0,9;-3,4;2,7;225;12,4;1011,7
2022-01-23;-2,7;-7,4;-0,5;296;9,5;1013
2022-01-24;-3,3;-13,6;0,1;237;5,8;1023,5
2022-01-25;-5,5;-8,1;-3,4;59;7,2;1025,8
2022-01-26;-3,4;-7,8;-0,4;25;6,7;1021,3
2022-01-27;-3,9;-7,7;-1,2;189;4,1;1026,3
2022-01-28;-4,3;-10,9;-1,5;178;4,4;1027,2
2022-01-29;-4,8;-12,6;-0,4;148;4,6;1028
2022-01-30;-3,4;-9,6;0,7;149;5,7;1022,1
2022-01-31;-0,5;-9,1;1,2;229;5,9;1015,1
2022-02-01;-0,5;-3,9;3,6;127;6,8;1016,6
2022-02-02;5,2;-0,1;7,5;165;18,6;1013,9
2022-02-03;6,8;1,9;8,6;136;12,7;1009,3
2022-02-04;-1,2;-7,8;1,5;333;9,1;1016,8
2022-02-05;-1,5;-5,9;2;172;4,3;1023,8
2022-02-06;0,4;-3,1;3,9;206;6,1;1024,4
2022-02-07;2,8;-1,2;6,8;170;10,2;1020,1
2022-02-08;7,1;2;10;172;22,5;1008
2022-02-09;2,1;-0,4;4,7;338;12,1;1013,4
2022-02-10;1,7;-0,3;5,4;17;10;1025
2022-02-11;2,4;-1,3;7,4;188;5,8;1029,2
2022-02-12;3,4;-0,8;10,1;165;5;1028,3
2022-02-13;3,1;0;8,3;69;12,2;1026,6
2022-02-14;1,8;-0,1;3,5;236;6,1;1023,1
2022-02-15;2,1;1,4;2,8;213;4,2;1024,4
2022-02-16;3,3;-0,1;7,9;206;4,9;1025,2
2022-02-17;3,1;-0,7;7,7;167;5,7;1018,7
2022-02-18;3,1;-1,4;7,7;222;9,4;1012,9
2022-02-19;3,7;0,2;7,9;2;5,4;1021,4
2022-02-20;5,2;-0,1;9,7;199;6;1022,7
2022-02-21;8,7;4,2;14,8;197;5,9;1015,8
2022-02-22;7,1;3,2;11,3;167;8,8;1011,2
2022-02-23;9,2;4,3;14,3;134;8,6;1014,5
2022-02-24;8,4;5,9;10,8;70;10,7;1011,3
2022-02-25;5,4;2,1;7,5;318;9,9;1010,3
2022-02-26;5,1;1,2;8,1;251;6,9;1019,5
2022-02-27;8,3;5,3;10,9;140;6,6;1020
2022-02-28;5,2;3,4;7,9;187;9,4;1016,4
2022-03-01;3;1,2;5,9;249;9;1019,4
2022-03-02;2,4;1,7;6,1;27;6;1013,8
2022-03-03;0,8;-0,7;2,6;319;14,5;1007,6
2022-03-04;0,3;-2,4;3,1;226;9,5;1018,9
2022-03-05;2,6;-0,7;6,2;189;6,2;1018,2
2022-03-06;5,7;2,1;9,5;92;5,6;1014,4
2022-03-07;5,1;1,5;10,4;191;8,3;1010,5
2022-03-08;4,2;0,8;8;243;8,8;1011,5
2022-03-09;1,8;-0,8;4,1;341;9,7;1010,2
2022-03-10;-0,6;-2,3;1,3;23;13,9;1011,9
2022-03-11;-2,1;-4,6;0,9;347;15,8;1016,5
2022-03-12;-2,7;-6,1;0,4;295;6,8;1024,5
2022-03-13;-1,4;-5,3;2,2;26;9,7;1025,5
2022-03-14;-1;-7;4,1;14;9,1;1031,6
2022-03-15;-0,3;-4;3,9;358;9,1;1033,3
2022-03-16;1,6;-3,4;6,6;227;7;1028,5
2022-03-17;2,3;-1,3;6,9;275;8,3;1023,7
2022-03-18;-1,6;-8;1,5;342;13,2;1029
2022-03-19;-3,1;-6,6;0,9;343;12;1030,8
2022-03-20;-2,3;-6,3;2,1;324;13,9;1029,4
2022-03-21;0,6;-4,9;5,2;27;11,1;1027,5
2022-03-22;1;-0,7;4,4;53;12,8;1023
2022-03-23;2,4;-0,5;6,8;49;7;1019,7
2022-03-24;1,5;-0,1;4,1;320;7,9;1017,6
2022-03-25;4,3;-1,2;10,4;269;8,7;1019,1
2022-03-26;2,1;-2,1;6,2;314;8,1;1025,3
2022-03-27;5,4;-1,3;12,3;241;9,5;1028,5
2022-03-28;8,8;0,8;15,7;216;8,4;1028,7
2022-03-29;9,4;3,3;13,5;163;8;1020,5
2022-03-30;10,9;3,4;16,2;218;9,5;1016,5
2022-03-31;13,3;5,1;18,6;173;12,5;1015,9
2022-04-01;17,6;9,2;24,5;145;12,1;1013,7
2022-04-02;18,1;9,9;22,6;209;17,9;1008,9
2022-04-03;13,6;6,7;18,4;231;22,2;1010,3
2022-04-04;11,6;5,5;15,9;231;12,4;1017
2022-04-05;14,5;10,1;20,1;31;6,5;1012,2
2022-04-06;13,1;6,1;19,1;9;6;1011,2
2022-04-07;13,3;6,1;18,7;175;13,3;1008,7
2022-04-08;11,5;6,2;15,7;257;14,8;1007
2022-04-09;13,6;4,5;21,2;168;9,3;1012,9
2022-04-10;16,4;11,3;22,1;193;11,1;1008,6
2022-04-11;10,9;4,9;16,3;230;14,1;1005,2
2022-04-12;4,6;0,9;8,6;309;17,8;1017,3
2022-04-13;4,3;-0,1;9,1;301;8,6;1020,4
2022-04-14;8,1;0,6;14,1;297;8,1;1021,1
2022-04-15;11,8;3,4;18,5;30;4,1;1020,1
2022-04-16;12,9;4,8;19,2;130;6,5;1015,5
2022-04-17;13;7,4;17,6;119;10,3;1010,1
2022-04-18;18,2;10,6;25;204;16,8;1002,2
2022-04-19;9,8;6,3;13,6;248;9,2;1007,6
2022-04-20;8,6;3,6;13,4;242;10,1;1015,7
2022-04-21;10,7;5,1;15,5;232;13,1;1015,5
2022-04-22;13,6;4,7;20,3;116;5,3;1017,1
2022-04-23;17,9;9;25,5;127;6,8;1011,3
2022-04-24;19,4;9,9;27,4;215;4,8;1009,7
2022-04-25;21,2;13,5;28,8;112;9,6;1008,5
2022-04-26;19,7;11,4;26,7;263;6,6;1010,2
2022-04-27;20,4;12,9;27,6;55;9;1011,5
2022-04-28;19,2;13,1;27,2;47;8,8;1012,6
2022-04-29;20,3;12,3;27,1;57;7,2;1013,5
2022-04-30;16,7;11,7;20,9;28;9,6;1011,6
2022-05-01;12,4;10;15,7;30;10,9;1013,9
2022-05-02;14,4;7,7;20,4;100;7,9;1013,3
2022-05-03;14,8;12;20;220;6;1009,4
2022-05-04;12,2;8,2;16;292;10,1;1010,8
2022-05-05;10,4;8;14,6;352;11,9;1016,3
2022-05-06;10,3;7,6;15,2;328;12,9;1018,3
2022-05-07;10,7;7,1;15,7;343;8,7;1018,4
2022-05-08;12,7;5;19,2;50;7,6;1019,6
2022-05-09;14,6;6,7;21,3;36;6,7;1017
2022-05-10;14,9;7,9;21;61;6,5;1017,5
2022-05-11;15,4;8,7;21,9;35;7;1016,2
2022-05-12;15,8;7,6;22,4;41;6,5;1020,6
2022-05-13;18,3;9,3;25,4;148;6,3;1020
2022-05-14;19,2;10,9;25,6;219;8,2;1014,8
2022-05-15;15,8;11,7;20,4;6;7,5;1015,1
2022-05-16;16,4;9,4;24,6;7;5,5;1018,5
2022-05-17;16,6;8,8;22,9;45;5,9;1016,7
2022-05-18;18,8;9,8;25,9;236;9,7;1012,8
2022-05-19;11,1;7,1;15,6;1;13;1019,7
2022-05-20;13,3;4,6;20;70;7,1;1024,1
2022-05-21;17,4;7,6;24,7;110;5,2;1018,8
2022-05-22;19,4;10,3;26,6;342;7,2;1008,3
2022-05-23;16,2;10,6;21,1;294;10,1;1007,6
2022-05-24;16,2;9,7;22;303;8,9;1012,4
2022-05-25;18,3;11,4;25,3;2;6,8;1016,7
2022-05-26;22,2;11,8;29;;;
2022-05-27;22,3;16,1;27;;;
2022-05-28;22,3;13,2;28,1;314;8,2;1012,5
2022-05-29;24,1;14;31,5;170;6,3;1013,2
2022-05-30;26;18,4;32,7;133;11,4;1011,4
2022-05-31;25,1;18,3;31,6;45;8,5;1012
2022-06-01;25,1;17,3;32,4;46;10,3;1012
2022-06-02;25,7;17,1;32,4;62;12;1011
2022-06-03;25,6;18,2;32,8;55;12,3;1009,8
2022-06-04;25,1;18,1;33,9;9;9,9;1010,8
2022-06-05;24,2;17;31,2;34;10,4;1011,6
2022-06-06;22,1;17,1;28,8;7;7,4;1010,3
2022-06-07;18,9;14,7;26,1;30;6,7;1009,8
2022-06-08;19,7;14,9;26,4;144;6,2;1008,4
2022-06-09;20,4;15,4;25,5;261;10;1009,2
2022-06-10;21,6;14,7;26,8;54;6,4;1011,1
2022-06-11;19,7;15,7;28,6;103;11,4;1010
2022-06-12;18,2;14,2;24,3;248;6,7;1003,8
2022-06-13;18,1;13,6;23,7;347;6,9;1006,3
2022-06-14;19,4;14,1;26,9;29;6,9;1010,3
2022-06-15;20,7;14,3;26,8;40;8,2;1015,4
2022-06-16;21,4;14,6;27,1;50;7,8;1016,8
2022-06-17;20,2;16,4;27,5;49;7,5;1015
2022-06-18;22,8;13,3;28,9;54;8,1;1012,8
2022-06-19;22,5;17,5;27,7;39;9,1;1013,5
2022-06-20;24,6;16,5;30,8;89;9,2;1011,9
2022-06-21;20,1;15,9;25,7;309;9,4;1007
2022-06-22;20,6;14,5;27,4;283;11,2;1008,5
2022-06-23;21,3;14,5;26,2;296;9,1;1010,8
2022-06-24;18,6;14,7;22,9;326;9,8;1010,6
2022-06-25;18,2;11,6;21,7;294;13,9;1011,4
2022-06-26;17,9;13,8;21,9;314;12,9;1012,1
2022-06-27;16,8;12,6;19,9;278;11,4;1012,6
2022-06-28;18;14,4;22,8;334;8,7;1010,6
2022-06-29;19,4;14,5;25,2;31;4,5;1012
2022-06-30;19,9;13,5;27,2;35;6,9;1011,6
2022-07-01;19,7;15,8;26;34;10,2;1012,4
2022-07-02;22;14,8;28;46;12,2;1014,6
2022-07-03;21,2;14,4;27;53;11,7;1015,3
2022-07-04;21;12,1;27,6;55;12,2;1014,2
2022-07-05;21,8;13,5;28,3;58;12;1012,7
2022-07-06;23,7;14,8;29,7;60;10,1;1010
2022-07-07;25,1;17,7;31,3;25;7,6;1009
2022-07-08;24,7;17,3;31,3;7;4,6;1010,2
2022-07-09;22,3;17,4;30,8;58;7,7;1006,2
2022-07-10;20,4;15,8;25,9;308;9,5;1004,6
2022-07-11;21,5;15,4;26,9;336;7,8;1012
2022-07-12;22,8;16;28,6;44;10,6;1014,7
2022-07-13;23,2;17,1;30,2;27;9;1013,7
2022-07-14;22,2;17,6;27,3;32;14,1;1014,6
2022-07-15;21,2;14,9;25,8;53;12,4;1011,8
2022-07-16;23;15,7;30;28;10,6;1012,7
2022-07-17;23,3;16,7;28,9;35;14,2;1014,8
2022-07-18;21,8;16,8;27,7;28;16,1;1016,4
2022-07-19;21,2;16,7;25,9;44;16;1016,2
2022-07-20;21;14,2;26,9;47;14,9;1015
2022-07-21;21,8;14,2;28,3;17;10,7;1013,4
2022-07-22;22,7;15,2;29,7;356;8,4;1013,6
2022-07-23;22,6;15;28,9;23;11,3;1015,2
2022-07-24;22,9;15;29,6;32;10,6;1013,9
2022-07-25;23,8;16,2;29,5;38;11,1;1011,5
2022-07-26;24,3;17,1;30,2;16;8,5;1010,1
2022-07-27;26,1;18,1;32,4;42;7,8;1009,8
2022-07-28;27,3;19,5;34,5;65;9,7;1010,5
2022-07-29;28;20,1;34,8;60;11,8;1010,9
2022-07-30;27,9;20,4;34,8;23;10;1009,5
2022-07-31;28,1;20,1;34,6;31;9,3;1007
2022-08-01;27,1;21,5;33,9;347;9,4;1006,7
2022-08-02;25,6;20,4;32,1;340;9,2;1008,6
2022-08-03;26,7;19,7;33,3;18;8,3;1010,7
2022-08-04;26,6;20,6;34,5;51;10,8;1011
2022-08-05;28;20,8;34,9;37;13,5;1009,9
2022-08-06;26;20,1;34,3;34;12;1007,4
2022-08-07;25;19,7;31;36;9,4;1006,5
2022-08-08;26;19,9;31,5;49;10,8;1008,5
2022-08-09;24,6;18,3;32,1;29;9,6;1008,9
2022-08-10;24,1;18,3;31,2;4;8,2;1007,9
2022-08-11;24,4;17,1;30,3;318;9,2;1009,6
2022-08-12;25,4;17,4;31,5;347;7,3;1011
2022-08-13;26,7;20,4;33,5;39;8,9;1007,9
2022-08-14;26,4;20;33,2;307;6,4;1005
2022-08-15;23,8;20;30,9;288;11,2;1005,5
2022-08-16;23,3;17,6;29,8;259;7,4;1011,5
2022-08-17;25,3;17,9;31,2;17;8,8;1010,5
2022-08-18;25,9;19,1;31,8;16;8,6;1009,5
2022-08-19;24,8;19,2;31,5;349;8,7;1009,1
2022-08-20;25,1;18,4;31,2;8;6,6;1008,8
2022-08-21;27,3;20,7;33,4;59;8;1005,9
2022-08-22;28,7;19;36;78;6,7;1005,4
2022-08-23;29,6;22,2;35,7;78;9,6;1007,9
2022-08-24;28,6;21,4;37,1;88;10,7;1007,3
2022-08-25;24,6;19,1;30,2;242;7,2;1007,2
2022-08-26;25;18,3;32,7;189;7,3;1006,9
2022-08-27;25;18,9;30,9;279;6,9;1009,7
2022-08-28;24,6;18,6;33,1;13;7,7;1012,6
2022-08-29;25,7;18;32,7;79;6,8;1013,6
2022-08-30;28,6;20,8;35,5;103;11,3;1011,2
2022-08-31;27,1;19,7;34,7;192;7,8;1009,5
2022-09-01;26,2;19,3;32,1;266;6;1008,8
2022-09-02;26,6;19,8;33,3;73;7,3;1009,8
2022-09-03;25,9;19,4;32,9;297;9,5;1011,4
2022-09-04;23,3;17;29,6;348;8,4;1016
2022-09-05;21,2;16,3;27,4;24;11,8;1015,6
2022-09-06;19,8;13,6;24,8;45;13,3;1016,2
2022-09-07;18,1;13;22,4;57;12,9;1017,6
2022-09-08;19,2;10,6;25,4;64;7,6;1017,9
2022-09-09;21,5;12,3;28,2;96;5,9;1017,5
2022-09-10;22,9;13,9;30;206;7,1;1014,5
2022-09-11;24,2;18,2;31,2;271;7,5;1010,5
2022-09-12;21,3;16,4;28,8;355;10,3;1007
2022-09-13;17,9;11,7;24,1;322;9,1;1009,3
2022-09-14;17,4;10,5;23,6;312;4,1;1014,8
2022-09-15;20,2;10,7;28,2;218;7,1;1015,4
2022-09-16;24;14,8;32,6;208;6,3;1012,5
2022-09-17;25,7;16,9;34,3;164;8,2;1008,1
2022-09-18;25,7;16,3;33,3;222;10,3;1006,4
2022-09-19;21,8;15,3;26,3;316;7,9;1011,3
2022-09-20;19,8;14,7;25,7;343;9,3;1010,4
2022-09-21;17,3;12,8;22,5;27;9,8;1011,4
2022-09-22;13,9;11,5;18,4;334;12,3;1009,7
2022-09-23;13,6;8,2;19;292;6,3;1015
2022-09-24;14,4;6,8;19,1;287;7,9;1018,4
2022-09-25;15,1;6,6;23,3;90;5,9;1020,6
2022-09-26;17,7;8;27,1;129;6,8;1017,2
2022-09-27;20,3;10;29,3;175;9,1;1010,6
2022-09-28;20,6;16,1;25,5;227;11,4;1010,2
2022-09-29;19;13,5;25;231;9,3;1013,3
2022-09-30;20,4;12,7;27,4;225;8,2;1017,9
2022-10-01;22,3;14;28,7;330;7,4;1020,7
2022-10-02;20,3;14,5;29,9;238;12;1012,1
2022-10-03;17,2;12,1;22,4;321;5,8;1012
2022-10-04;15,9;9,9;22,1;350;7,2;1013,8
2022-10-05;15,4;10,5;21,7;24;9,9;1021,1
2022-10-06;14;11,7;17,1;61;16,1;1022,8
2022-10-07;12,9;10,1;15,4;58;13,4;1018,5
2022-10-08;12,1;10,2;13,9;319;6,2;1014,5
2022-10-09;13,5;10,9;16,6;270;9,6;1017,2
2022-10-10;14,3;9,8;20,3;281;5;1022,7
2022-10-11;14,7;6,9;21,7;35;4,9;1021,7
2022-10-12;16,6;11;22,6;70;7,4;1018,4
2022-10-13;15,8;10;21,1;58;7,9;1018,4
2022-10-14;15,4;8,9;21,9;91;8,7;1015,7
2022-10-15;14,1;10,2;18,2;69;8,7;1013,4
2022-10-16;12,7;10,3;15,9;47;10,2;1017,6
2022-10-17;14,9;12;17;49;15,9;1023
2022-10-18;14,9;10,5;18,7;59;15,6;1024,1
2022-10-19;14,4;10,2;19,5;232;7;1016,3
2022-10-20;14,3;9;20,6;304;8,7;1016,4
2022-10-21;10;4,7;14,6;50;9,3;1023,5
2022-10-22;8,4;2,3;15,5;72;5,3;1026,5
2022-10-23;9,9;1,9;17,3;207;5,8;1024,2
2022-10-24;12,1;4,7;20;152;3,9;1023,2
2022-10-25;12,2;5,9;19,8;70;4,4;1021,2
2022-10-26;12,5;4,7;19,8;173;5,3;1020,2
2022-10-27;12,9;7,1;19,8;38;7,3;1024,5
2022-10-28;11,3;6,1;17,5;58;8,4;1026
2022-10-29;10,2;4,6;16,8;60;8,6;1024,3
2022-10-30;10,1;3,3;18;74;4,7;1020,7
2022-10-31;10,6;1,7;18,4;148;5,8;1018,9
2022-11-01;10,9;4,8;17,7;25;4,8;1021,8
2022-11-02;10,1;2,6;17,6;190;5,7;1021,1
2022-11-03;11,3;3,6;19,1;229;7,3;1019,9
2022-11-04;11,2;4,8;18,3;187;6;1018,6
2022-11-05;11,8;5;20,5;167;5,5;1018,1
2022-11-06;12,9;4,7;21,8;93;7,2;1017,3
2022-11-07;13,3;8,1;18,7;61;8,2;1014,3
2022-11-08;11,4;6,9;16,7;26;7;1017,5
2022-11-09;10,9;4,6;16;26;5,9;1020,4
2022-11-10;8,9;2,8;16,1;61;5,2;1023
2022-11-11;8,4;1,8;15,7;83;4,6;1025,2
2022-11-12;8,7;4,3;14,4;82;7,7;1027,3
2022-11-13;8,2;1,2;16,2;55;5,3;1028,2
2022-11-14;8,4;1,7;17,1;66;3,7;1023,3
2022-11-15;7,9;3,2;14,4;92;6,8;1019,5
2022-11-16;7,2;1,1;14,1;181;6,3;1013,3
2022-11-17;10,5;3,2;14,8;215;11;1011,7
2022-11-18;13,4;10,5;15,9;211;14,8;1013,2
2022-11-19;14,3;11,6;18,4;200;14,4;1018,3
2022-11-20;12,9;7,4;18,9;180;9,4;1022,2
2022-11-21;12,8;7,6;17,5;170;9,4;1016,4
2022-11-22;10,7;6,4;14,3;211;13,2;1013,8
2022-11-23;10,9;3,9;15,7;142;10,8;1013,7
2022-11-24;11,1;8;13,8;160;9,2;1009,1
2022-11-25;7,7;5,2;9,6;275;9,8;1010,4
2022-11-26;6,1;2,7;10;276;9,4;1020,5
2022-11-27;5,3;0,6;10,6;96;6,3;1023,3
2022-11-28;5,1;1,3;10,3;76;8,3;1019,5
2022-11-29;7,8;3,2;12,5;78;7,7;1016,1
2022-11-30;10,2;4,4;16,6;85;6,6;1017
2022-12-01;10;5,5;14,9;119;7,3;1018,6
2022-12-02;10,4;6,4;14,6;199;5,6;1020,6
2022-12-03;9,1;5,1;12,7;122;3,9;1023,7
2022-12-04;8,7;1,1;13,8;65;6,2;1024,8
2022-12-05;6,6;0,7;11,9;78;5,4;1023,7
2022-12-06;4,8;0,1;10,1;103;4,5;1021,7
2022-12-07;4,8;-0,1;11,8;121;5,6;1019,3
2022-12-08;5,6;0,9;11,8;132;5,5;1021,2
2022-12-09;6,9;1,6;12,3;148;5,5;1022,5
2022-12-10;8,1;3,9;12,8;144;6,4;1019,7
2022-12-11;9,7;6,2;14,3;160;11,2;1013,6
2022-12-12;11,1;9,6;13,8;173;15,5;1010,5
2022-12-13;10,6;8,5;13,3;194;10,7;1010,5
2022-12-14;7,8;4,3;9,6;88;5,3;1013,6
2022-12-15;9;4,1;12,8;174;8,4;1017,6
2022-12-16;11,3;5,3;15,8;215;5,5;1022,8
2022-12-17;8,4;4,6;15,1;120;4,2;1024,3
2022-12-18;8;5,3;10,9;122;3,3;1026,8
2022-12-19;6,3;1,9;8,8;22;7,4;1028,8
2022-12-20;1,6;-3,6;3,8;49;13;1030,1
2022-12-21;2,2;-0,5;7,2;48;6;1025,3
2022-12-22;2,1;0,5;3,2;87;3,6;1022,9
2022-12-23;2,1;1,1;3,4;129;3,4;1020,8
2022-12-24;2,9;1,2;5,6;175;4,5;1019,5
2022-12-25;3,3;2,1;4,3;201;5,8;1021,9
2022-12-26;3,1;0,2;6,1;278;8,8;1026,9
2022-12-27;2,9;-0,2;7,3;194;5,5;1028,7
2022-12-28;3,8;-0,7;7,4;213;5,2;1028,4
2022-12-29;3,9;-0,1;10,4;107;5;1029,3
2022-12-30;4,3;-0,1;11,4;128;4,1;1030,6
2022-12-31;3,1;-0,3;7,3;133;4;1032,1
2023-01-01;3,8;-0,2;10,6;85;6,3;1033,8
2023-01-02;3,2;-1,5;11,4;83;3,8;1033,9
2023-01-03;2,8;-1,7;9,8;102;2,9;1030,7
2023-01-04;2,2;-2,1;7,8;177;4;1026,8
2023-01-05;3,5;-0,3;9,8;73;5,2;1023,6
2023-01-06;1,6;-0,2;3,6;217;7,8;1021,9
2023-01-07;1,5;-1,8;2,8;208;4,1;1027,1
2023-01-08;0,3;-3;2,5;92;3,5;1025,6
2023-01-09;0,5;-1,1;2,3;117;5,3;1025,7
2023-01-10;0,3;-2,1;4,3;114;7,3;1024,1
2023-01-11;4,9;-0,4;9,8;115;18,5;1020,8
2023-01-12;6,1;0,3;11,3;99;11,3;1018,5
2023-01-13;3,7;-0,2;10,4;98;7,2;1018,6
2023-01-14;3;-1,5;10,1;87;6,4;1019,3
2023-01-15;3;-2,4;9,7;66;6,2;1020,3
2023-01-16;4,1;-1,4;11;112;7,6;1017,8
2023-01-17;6,5;-0,1;11,7;175;12,7;1018,6
2023-01-18;8,3;4,1;14,5;185;15;1020,7
2023-01-19;6,9;1;14,2;152;9,8;1022,9
2023-01-20;6,7;0;16,1;102;11,3;1017,4
2023-01-21;6,7;0;14,6;124;8,4;1020,4
2023-01-22;6,2;0,5;14,2;71;6,6;1022,8
2023-01-23;5,8;0,1;13;124;6,8;1025
2023-01-24;4,8;-0,3;11,3;173;6,4;1026,4
2023-01-25;2,6;-0,1;5,9;58;7,3;1025,8
2023-01-26;2,8;-2,5;8,3;117;8,1;1023,3
2023-01-27;5,6;0,7;10;104;17,6;1014,7
2023-01-28;6,3;3,1;10,6;184;11,4;1011,4
2023-01-29;3,4;-1,2;5,5;250;12,1;1015,7
2023-01-30;1,4;0;4,1;238;5,4;1015,5
2023-01-31;1,6;-0,1;5,1;9;10,3;1009,1
2023-02-01;0,2;-4,4;1,6;299;10,2;1013,8
2023-02-02;-0,6;-3,5;1,7;232;11,1;1021,2
2023-02-03;0,5;-0,4;2,9;233;12,3;1020,9
2023-02-04;-1,3;-9,3;0,2;220;7;1017,8
2023-02-05;-1,2;-4,6;2;83;9,3;1011,4
2023-02-06;-1,1;-3,4;1,4;18;19,2;1007,8
2023-02-07;-1,2;-9;1,1;335;13,6;1020,1
2023-02-08;-2,4;-6,5;0,6;287;11,9;1028,5
2023-02-09;-1,1;-3,9;1,5;140;7,3;1032
2023-02-10;-0,4;-1,7;0,5;79;7,9;1033,6
2023-02-11;-0,2;-7,6;1,1;99;6,7;1031,9
2023-02-12;-1,3;-7,5;0,9;214;7,4;1029,3
2023-02-13;-0,3;-3,4;4,1;303;8,7;1032,9
2023-02-14;-0,7;-5,7;2,7;227;8,4;1028
2023-02-15;0,6;-1,1;3,5;274;15,3;1025
2023-02-16;0,1;-1,9;1,9;268;12;1030,5
2023-02-17;1,2;-3,3;5,5;216;10,4;1030,6
2023-02-18;5;-0,8;9,4;226;11,9;1026,5
2023-02-19;8,7;5,9;13,5;232;14,9;1021,7
2023-02-20;4,9;0,5;9,5;250;15,8;1019,4
2023-02-21;4,7;-0,1;10,7;237;14,4;1020,6
2023-02-22;7,6;0,5;14,1;227;10,6;1017
2023-02-23;7,8;0,6;15;52;8,4;1016,8
2023-02-24;7,5;1,3;13,4;105;9,8;1018,3
2023-02-25;9;2,7;15,3;196;13;1015,9
2023-02-26;9,8;3,8;15,5;179;13,9;1019
2023-02-27;10,3;3,9;18,6;174;11;1023,2
2023-02-28;11,8;7,7;16,6;177;8,2;1024,4
2023-03-01;13,6;9,8;19,5;74;8,4;1019,1
2023-03-02;12,9;6,5;19,6;101;9,4;1014,4
2023-03-03;12,9;3,7;16,9;26;12,2;1012,9
2023-03-04;9,2;5,1;12,8;243;12,5;1015,8
2023-03-05;8;4,3;11;190;10,8;1011,3
2023-03-06;5,5;3,1;8,6;252;15,8;1011,5
2023-03-07;7,3;2,2;11,6;191;12;1015,3
2023-03-08;9,7;3,6;14,3;217;10,4;1014,5
2023-03-09;10,4;4,3;14,7;223;12,8;1013,7
2023-03-10;11,3;7,9;14,2;222;14,2;1012,6
2023-03-11;12,2;5,9;15,4;199;22,6;1007,1
2023-03-12;7,5;6,5;8,8;177;15,8;1006,7
2023-03-13;3,8;2,3;7,4;41;18;1013,7
2023-03-14;4,2;0,6;7,8;82;10,3;1014,8
2023-03-15;8,3;2,7;14,3;129;8;1008,7
2023-03-16;8,5;4,8;12,6;137;12,4;1008
2023-03-17;6,7;2,4;8,6;101;9,4;1011,5
2023-03-18;6,3;3,8;11,8;298;8,1;1013,4
2023-03-19;7;5,5;8,4;8;15,2;1012,7
2023-03-20;8,6;3,2;14,5;340;10,6;1016,1
2023-03-21;6,7;-1,4;14,1;117;6,6;1015,2
2023-03-22;9,2;4,3;13,3;137;8,7;1011,7
2023-03-23;7,4;3,9;8,8;264;9,9;1014,1
2023-03-24;9,1;3,7;14,5;12;6,3;1016,5
2023-03-25;10,8;4,2;17;83;8,2;1012,5
2023-03-26;11;3,8;17,2;210;11,3;1008,6
2023-03-27;11,9;4;17,9;199;10,9;1009,8
2023-03-28;8,2;5,9;13,8;213;19,8;1005,1
2023-03-29;2;-4;5,1;322;16,7;1013,5
2023-03-30;-0,3;-3,1;1,7;279;13,8;1023,4
2023-03-31;3,1;-3,3;8,1;231;9,2;1021,1
2023-04-01;10,6;3;16,2;195;12,3;1013,2
2023-04-02;11,8;9,1;15,2;226;18,8;1011
2023-04-03;14,4;10,1;20,1;208;11,1;1011,9
2023-04-04;13,6;6,8;21,6;143;19,3;1006,9
2023-04-05;9,2;6,8;14,2;232;13,5;1008,5
2023-04-06;8,5;5,7;11,8;245;12,5;1011,6
2023-04-07;6,8;3,2;10,4;256;10,7;1013,2
2023-04-08;8,9;2,3;14,4;201;6,9;1019,5
2023-04-09;11,7;5,2;16,6;97;9,6;1016,4
2023-04-10;9,4;6,9;12,6;110;10,4;1008,3
2023-04-11;8,6;5,7;12,9;247;9,3;1004,8
2023-04-12;7,5;4,8;11,5;247;12,5;1004,6
2023-04-13;8,2;5,1;12,5;262;14,5;1010,8
2023-04-14;12;3,3;18,5;194;11,5;1015,2
2023-04-15;15,6;6,6;21,8;178;9,5;1015,7
2023-04-16;14,9;10,3;22,2;108;9;1014,3
2023-04-17;15,3;8,9;22,3;115;12,3;1012,3
2023-04-18;14,8;10,1;20,8;164;14,5;1012,2
2023-04-19;14,1;9,1;20,3;330;9,8;1009,1
2023-04-20;11;8,3;14,5;262;10,6;1008,9
2023-04-21;11;6,2;15,5;251;11,8;1010,9
2023-04-22;12,1;7,2;17;276;9;1013,1
2023-04-23;10,2;5,9;14,2;32;8,6;1013,2
2023-04-24;10,9;5,3;16,1;264;10,1;1013,9
2023-04-25;12,7;4,3;18,9;185;10,5;1011,9
2023-04-26;14,4;10;19;195;12,6;1008,5
2023-04-27;10,6;7,6;16;213;11,1;1007
2023-04-28;7,6;3;10,9;309;16,1;1012,6
2023-04-29;6,7;3,6;10,2;300;12,3;1013,9
2023-04-30;7,1;3,7;11;275;10,6;1014,4
2023-05-01;10,3;2,4;16,9;271;9,8;1018
2023-05-02;10,3;2,3;16,8;24;8,1;1021,7
2023-05-03;15,3;6,2;23,5;40;7,2;1022,7
2023-05-04;16,6;9,2;23;132;10,5;1019,1
2023-05-05;19;10,1;25,3;90;12,3;1012,2
2023-05-06;18,1;11,9;24,9;69;15;1007,1
2023-05-07;13,6;11;17,1;358;11,5;1011,9
2023-05-08;15,2;10,4;20,1;333;7,8;1015,8
2023-05-09;16,2;10,7;22,2;1;11,5;1014,6
2023-05-10;14,8;11,4;19,6;0;10,2;1014,9
2023-05-11;14,6;10,8;19,3;79;11,9;1015,5
2023-05-12;14,3;10,1;21,5;55;12,3;1013,2
2023-05-13;14,9;10,8;19,7;297;10,9;1017
2023-05-14;15,7;9;22,4;342;8,5;1020,2
2023-05-15;17,2;10,1;23,3;31;9,1;1017,6
2023-05-16;19,5;11,4;26,2;111;6,4;1013,7
2023-05-17;18,9;13,6;28,4;113;9,6;1008,5
2023-05-18;16,1;11,1;22;224;8,9;1007,2
2023-05-19;14,3;11;18,7;264;10,3;1010,5
2023-05-20;13,8;10,5;20,7;0;7,4;1010,8
2023-05-21;15,7;11,6;20,5;222;7,5;1008,7
2023-05-22;15,2;10,4;22,1;115;8,2;1007,3
2023-05-23;14,6;12,5;18,8;137;7,8;1008,9
2023-05-24;15,5;11,4;20,1;120;7,9;1012,3
2023-05-25;15,2;11,3;22;74;7,2;1013,3
2023-05-26;16,8;11,3;22,3;85;7,2;1012,7
2023-05-27;19,1;11,5;25;130;8,6;1011,4
2023-05-28;18,8;14,9;22,6;103;12,9;1008,4
2023-05-29;16,9;12,3;23,8;95;9,6;1008
2023-05-30;14,8;12,6;17,8;204;9,1;1011,5
2023-05-31;16,1;13;19,8;341;7,6;1014,9
2023-06-01;16,5;12,2;21,8;26;6,6;1014,7
2023-06-02;19,6;13,8;24,5;104;9;1013
2023-06-03;16,7;14,1;25;77;10,2;1010,1
2023-06-04;15,8;13,9;20;300;9,6;1013,9
2023-06-05;16,9;11,4;22;29;12,9;1016,1
2023-06-06;18,6;13,1;23,6;49;11,5;1017,1
2023-06-07;20,6;13,2;26,6;69;8,5;1016
2023-06-08;21,3;14,9;27,8;84;9,7;1012,6
2023-06-09;20,6;15,7;27,8;63;8;1009,5
2023-06-10;20,2;14,6;26,5;348;6,6;1007,7
2023-06-11;17,5;13,9;24,3;176;6,9;1006,9
2023-06-12;18,7;12,9;24,5;272;7,6;1007,2
2023-06-13;18,1;15,3;23,7;3;8,2;1007,5
2023-06-14;17,8;15,2;21,6;15;8,8;1009,8
2023-06-15;20;12,9;26,1;343;7,9;1012,7
2023-06-16;22,7;14,7;28,4;175;9,7;1009,5
2023-06-17;22,2;15,1;28,6;133;11;1004,3
2023-06-18;19,1;15,5;25,1;267;10,4;1007,1
2023-06-19;17,3;14,8;20,5;23;10,2;1010,4
2023-06-20;18,3;14,8;23,6;301;11,8;1013,5
2023-06-21;17,9;14,3;22,3;27;10,7;1015,1
2023-06-22;20,3;13,5;25,3;46;11,3;1017,2
2023-06-23;21,2;13,6;26,2;53;10,4;1017,6
2023-06-24;22,3;14;29,7;61;7,8;1015,8
2023-06-25;23,8;14,1;30,8;87;8;1011
2023-06-26;23,5;16,8;30,3;328;10,4;1007,4
2023-06-27;22,7;16,4;28,7;3;9,1;1010,1
2023-06-28;23,3;17,7;29,3;58;8,5;1010,9
2023-06-29;21,1;16,7;28,1;277;12,4;1010,9
2023-06-30;20,7;16,6;26,5;6;10;1012,7
2023-07-01;22,3;12,1;28,9;84;6,3;1011,7
2023-07-02;24,8;15,8;31,5;121;9,6;1009,6
2023-07-03;26,8;17;33,2;71;8,3;1010,4
2023-07-04;27,1;21,9;32,8;56;8,3;1011,8
2023-07-05;27,6;19,8;34,1;61;12,4;1010,7
2023-07-06;27,3;19,3;34,5;46;12,6;1008,1
2023-07-07;25,8;20,8;31,3;352;11,9;1009,4
2023-07-08;21,7;17;27,7;321;12,2;1010,2
2023-07-09;18,4;16,9;21,4;283;18,5;1011,6
2023-07-10;19,8;15,4;25,2;324;17,7;1014,9
2023-07-11;20,4;11,4;26,5;348;8,9;1017,7
2023-07-12;23,5;14,4;31,2;15;9,8;1018,4
2023-07-13;25,9;17,2;33,3;28;9,1;1017,6
2023-07-14;28;18,8;35,6;30;10,6;1014,7
2023-07-15;26,6;18,3;32,7;20;13;1015
2023-07-16;24,6;16,8;30,9;29;13,1;1015,5
2023-07-17;24,4;17,1;30,4;53;12,3;1015,8
2023-07-18;24,6;16,3;32,1;44;11,6;1012,9
2023-07-19;24,8;16,4;31,1;46;12,9;1011,4
2023-07-20;26;17,9;32,1;23;8,7;1010
2023-07-21;27,4;19,3;34,6;351;10,3;1011,1
2023-07-22;27,4;20,4;34,1;7;11,1;1014,5
2023-07-23;27,6;18,2;35,6;4;11,6;1014,4
2023-07-24;24,4;17,8;30,8;4;13,1;1012,7
2023-07-25;24,8;16,6;31,4;16;9,9;1011,8
2023-07-26;26,8;17,7;34,1;175;7,2;1009
2023-07-27;28,2;19,3;37,7;188;14,4;1005,3
2023-07-28;22,3;16,8;28,2;330;13,4;1013
2023-07-29;24,7;16,8;31,4;37;9,8;1010,6
2023-07-30;25,2;17,8;31,6;32;11,8;1009
2023-07-31;25,6;17,2;32,2;14;8;1007,3
2023-08-01;27,4;19,4;34,3;141;10,9;1006,7
2023-08-02;26,8;20,7;32,5;244;10,5;1009
2023-08-03;27,7;20,4;35,7;1;10,1;1011,1
2023-08-04;28,4;20,2;34,8;48;8,2;1011,7
2023-08-05;28,8;20,8;36,2;21;8,1;1008,8
2023-08-06;30,5;20,2;37,5;192;12,1;1004,3
2023-08-07;27,8;22,6;34,5;253;9,1;1007,8
2023-08-08;28,6;22,1;36,3;359;11,3;1007,8
2023-08-09;27;21,1;33,3;45;15;1010,4
2023-08-10;28,2;20,8;35,5;39;10;1010
2023-08-11;25,3;20;31,3;294;13,2;1011,9
2023-08-12;26,7;20,4;33,7;59;14,7;1013,9
2023-08-13;29,3;19,9;37,5;77;15,5;1012,9
2023-08-14;33;26,2;40,2;65;18,2;1013,8
2023-08-15;33,3;25,6;40,5;74;16,6;1012,8
2023-08-16;32,4;25;40;46;11,5;1010
2023-08-17;30,3;23,1;39;35;10,1;1009,6
2023-08-18;30,9;23,3;38,1;40;11,1;1010,4
2023-08-19;29,9;23;37;62;11,7;1011,2
2023-08-20;29,1;22,1;36,2;23;11,9;1010,5
2023-08-21;28,1;21;34,5;45;10,8;1012
2023-08-22;27,6;20;34,2;59;12,8;1014,4
2023-08-23;27,6;20,3;33,3;52;10,5;1014,2
2023-08-24;27;20;33,3;14;10,1;1012,6
2023-08-25;26,6;20,5;32,7;48;11,4;1012,8
2023-08-26;25,4;18,6;32,2;61;11,8;1013,1
2023-08-27;25,7;18;32,9;55;11,3;1009,1
2023-08-28;25,3;18,6;31,4;36;12,1;1006,5
2023-08-29;25,2;17,2;31,8;53;7,2;1006,9
2023-08-30;27,6;19,3;34,2;130;9,5;1007,8
2023-08-31;27,8;19,5;35,4;196;8,8;1009,9
2023-09-01;26,5;20;33,4;301;11,6;1012,7
2023-09-02;25,3;18,5;31,3;41;14,7;1014
2023-09-03;19,6;17,7;22,7;15;12,5;1013,9
2023-09-04;18,2;15,6;21,6;47;8,4;1011,1
2023-09-05;23;17,3;29,4;77;9,6;1011,1
2023-09-06;24,9;17,8;31,8;48;7,9;1013,9
2023-09-07;23,8;18,8;30,4;42;10,6;1014,9
2023-09-08;21,2;15;27;40;11,3;1014,4
2023-09-09;22,1;15,7;28,1;47;10,1;1013,6
2023-09-10;19,4;14,4;25,2;54;13,9;1014,1
2023-09-11;18,2;11,1;24,4;50;10,6;1013,6
2023-09-12;18,1;11,5;23,8;55;8,9;1015,3
2023-09-13;18,4;11,7;25;71;7,7;1017,8
2023-09-14;18,4;12;24,9;37;6,8;1017,1
2023-09-15;19,8;10,5;26,4;27;7,3;1016,8
2023-09-16;20,4;13,9;26,5;63;9,6;1016,9
2023-09-17;20,3;11,5;26,9;54;10,4;1016,9
2023-09-18;18,6;11,7;24,8;55;12,4;1015,8
2023-09-19;16,7;8,6;25,5;57;10,5;1014,9
2023-09-20;19,6;10,6;27,8;7;7,4;1014,9
2023-09-21;20,3;12;28,3;26;7,2;1015,6
2023-09-22;21,5;11,9;29,9;354;7,3;1016,8
2023-09-23;22,2;12,8;30,5;327;6,4;1017,1
2023-09-24;23,6;16,5;31;71;7,4;1014,3
2023-09-25;23,8;16,9;31,1;14;8,1;1013,4
2023-09-26;22,1;15,9;28,6;62;9,9;1013,6
2023-09-27;21;13,1;28,1;72;8,3;1014,1
2023-09-28;19,8;17,2;27,5;172;8,5;1015,4
2023-09-29;19,3;15;24,8;205;6,9;1015,7
2023-09-30;19;12,6;24,6;17;6,8;1014
2023-10-01;16,2;15,3;18,2;284;6;1012,2
2023-10-02;17,3;10,9;22,6;346;11,1;1015,2
2023-10-03;15,5;10,5;20,8;19;9,9;1021
2023-10-04;14,4;8,4;20;55;6,2;1022,8
2023-10-05;15,3;8,4;23;64;5,3;1022,5
2023-10-06;16,3;8,1;23,6;23;6,9;1020,1
2023-10-07;16,7;10,9;22,8;60;7,3;1020,8
2023-10-08;16,4;8,6;24;212;9,1;1017,3
2023-10-09;13,9;9,5;19,2;305;9,7;1018,1
2023-10-10;14,7;9,3;19,7;344;8,3;1018
2023-10-11;14,2;8,9;20,3;40;11,8;1021,8
2023-10-12;13,4;7,1;20,6;77;8,1;1023,6
2023-10-13;13,8;5,7;22;100;5,7;1021,1
2023-10-14;15,2;7;23,7;96;7;1017,7
2023-10-15;14,8;8,2;23,2;111;7,4;1012
2023-10-16;14,8;7,7;21,9;251;10,6;1013
2023-10-17;14,7;10,4;20,1;65;8,6;1018,2
2023-10-18;12,9;9,5;16;266;9,8;1014,1
2023-10-19;12,7;8,8;18,1;229;6,1;1018
2023-10-20;13,7;5,8;21,2;146;8;1017,9
2023-10-21;15,8;7,8;24;124;7,8;1020,1
2023-10-22;18;10;27;85;5,7;1020,5
2023-10-23;18;11,3;26,1;94;6,6;1019
2023-10-24;17,5;11,3;25,7;154;7,8;1017
2023-10-25;17,4;9,7;25,4;188;10,3;1014,4
2023-10-26;18,3;13,3;24,3;203;10,3;1013,3
2023-10-27;19,2;13,9;25,5;216;13,2;1011,9
2023-10-28;17,1;13,1;22,2;214;11,5;1013,1
2023-10-29;17,3;10,5;24,2;116;7,2;1016,7
2023-10-30;18,8;13,9;25,3;68;9,8;1019,4
2023-10-31;17,7;11,2;25,7;66;6,5;1018,5